{
  "Regressão Logística": {
    "type": "white_box",
    "metrics": {
      "accuracy": 0.79,
      "precision": 0.48214285714285715,
      "recall": 0.675,
      "f1_score": 0.5625,
      "auc": 0.8696875
    }
  },
  "Árvore de Decisão": {
    "type": "white_box",
    "metrics": {
      "accuracy": 0.725,
      "precision": 0.3880597014925373,
      "recall": 0.65,
      "f1_score": 0.48598130841121495,
      "auc": 0.793125
    }
  },
  "XGBoost": {
    "type": "black_box",
    "metrics": {
      "accuracy": 0.945,
      "precision": 0.967741935483871,
      "recall": 0.75,
      "f1_score": 0.8450704225352113,
      "auc": 0.9634375,
      "true_negatives": 159,
      "false_positives": 1,
      "false_negatives": 10,
      "true_positives": 30,
      "specificity": 0.99375
    }
  },
  "LightGBM": {
    "type": "black_box",
    "metrics": {
      "accuracy": 0.95,
      "precision": 0.96875,
      "recall": 0.775,
      "f1_score": 0.8611111111111112,
      "auc": 0.9640625,
      "true_negatives": 159,
      "false_positives": 1,
      "false_negatives": 9,
      "true_positives": 31,
      "specificity": 0.99375
    }
  },
  "CatBoost": {
    "type": "black_box",
    "metrics": {
      "accuracy": 0.945,
      "precision": 0.9393939393939394,
      "recall": 0.775,
      "f1_score": 0.8493150684931506,
      "auc": 0.9729687499999999,
      "true_negatives": 158,
      "false_positives": 2,
      "false_negatives": 9,
      "true_positives": 31,
      "specificity": 0.9875
    }
  }
}