modelo,accuracy,precision,recall,f1_score,auc
ML (LightGBM),0.93,0.9642857142857143,0.675,0.7941176470588235,0.975
DRL (Simulado),0.93,0.9642857142857143,0.675,0.7941176470588235,0.97328125
NLP (Simulado),0.93,0.9642857142857143,0.675,0.7941176470588235,0.9603125
Ensemble 3-Paradigmas,0.93,0.9642857142857143,0.675,0.7941176470588235,0.9818749999999999
