{
  "modelo": [
    "ML (LightGBM)",
    "DRL (Simulado)",
    "NLP (Simulado)",
    "Ensemble 3-Paradigmas"
  ],
  "accuracy": [
    0.93,
    0.93,
    0.93,
    0.93
  ],
  "precision": [
    0.9642857142857143,
    0.9642857142857143,
    0.9642857142857143,
    0.9642857142857143
  ],
  "recall": [
    0.675,
    0.675,
    0.675,
    0.675
  ],
  "f1_score": [
    0.7941176470588235,
    0.7941176470588235,
    0.7941176470588235,
    0.7941176470588235
  ],
  "auc": [
    0.975,
    0.97328125,
    0.9603125,
    0.9818749999999999
  ]
}